"<?xml version=""1.0"" encoding=""utf-8""?>",denominazione_regione
"<!DOCTYPE html PUBLIC ""-//W3C//DTD XHTML 1.0 Strict//EN""",Italia
" ""http://www.w3.org/TR/xhtml1/DTD/xhtml1-strict.dtd"">",Italia
<html>,Italia
  <head>,Italia
    <title>503 first byte timeout</title>,Italia
  </head>,Italia
  <body>,Italia
    <h1>Error 503 first byte timeout</h1>,Italia
    <p>first byte timeout</p>,Italia
    <h3>Error 54113</h3>,Italia
    <p>Details: cache-iad-kcgs7200106-IAD 1652978996 3303258127</p>,Italia
    <hr>,Italia
    <p>Varnish cache server</p>,Italia
  </body>,Italia
</html>,Italia
